Filename,Text,Label
images01.jpg,,Real
images02.jpg,Paracetamo Tablets IP 500 mg Calpol 500],Real
images03.jpg,Tobs5s|F naleeln llt telmmtu,Real
images04.jpg,Paracetamol Tablets SC0 Iiq Calpol& 1531 KeA Tajett,Real
images05.jpg,,Real
images06.jpg,,Real
images07.jpg,,Real
images08.jpg,EeF @7) hutzuk;F -son Mt ti PARA CIP -500 LOTNTT = 9 FRACP T44-610 nio GSTLA ,Real
images09.jpg,,Real
images10.jpg,"PARACETAMOL TABLETS L.P 5oo MG, Paraval-500 Denttn",Real
images11.jpg,,Real
images12.jpg,,Real
images13.jpg,,Real
images14.jpg,prtd Tej? Ir:t padacid-end PARAC PabAO,Real
images15.jpg,"Paracetamol Tablets IP 500 mg Tablets Calpole 15 , 9 , I5 Llsh",Real
images16.jpg,Paracetamol Tablets IP SC0 Iq Calpol& Tabluts 1551 K5at,Real
images17.jpg,Paracetamol,Real
images18.jpg,jotzrd Tobtss |,Real
images19.jpg,,Real
images20.jpg,WseoToil Paracetamol Tablets LP Qlidol-500,Real
images201.jpg,,Real
images202.jpg,Paracetamol,Real
images203.jpg,Tablets IP 650 Paracetamol Patvls-,Real
images204.jpg,,Real
images205.jpg,500 Wellpar _ 'S00 rg Tabets [ Paracelanal F,Real
images206.jpg,Patacetamol Tadel;; SDOrig RaaceiAcOL,Real
images207.jpg,relka] Tabe > 20-0 Panar purceli & Jdvance,Real
images208.jpg,,Real
images209.jpg,Rorcetaral Icces(P 5.Omg SNEHMOL,Real
images21.jpg,Paracetamol ` (Tablets !,Real
images210.jpg,Paracetamol socmolable auamutnl,Real
images211.jpg,Aceclofenac - Paracetanol Tablets ICLotz?,Real
images212.jpg,Paracetamol 6OD Tablats,Real
images213.jpg,Hb,Real
images214.jpg,Paracetamol Tablels L P650 ing: Ropyro-650 7694,Real
images215.jpg,ISP Paracetamol] Jqv maablat Sakit ng ulo 0 lagnat  108,Real
images216.jpg,"0E2 Murie [zjj Dpuciy"" PARACI-050 PArAC Vdcib_ne",Real
images217.jpg,,Real
images218.jpg,Paracetamol Trow,Real
images219.jpg,Glensmlu ) Paracetamol Tablets IP Boliceta 650 Asmottolt Ieoo Snetalb,Real
images22.jpg,,Real
images220.jpg,Easy To Swallow PARACETAMOL TARIETS RP 500 mg Efiectie Pain Rclicf 16 Tablee:,Real
images221.jpg,Paracetamo Tablets IP 500 mg Calpol 500],Real
images222.jpg,,Real
images223.jpg,Palctnmo Tacici su0irio,Real
images224.jpg,Aceclofenac & Paracetamol Tablets Mob-AP,Real
images225.jpg,8 Lnc Paracetamcl Taclets IP Dotn 650,Real
images226.jpg,,Real
images227.jpg,,Real
images228.jpg,,Real
images229.jpg,Paracetarzol Tabls 650 MG RAYPAM-650,Real
images23.jpg,Paracetamol 6ODi Tablats,Real
images230.jpg,Eaarclamal Tebk: | P GmV Koleran5l,Real
images231.jpg,Parcetundl Tublets LP; Dolpranu,Real
images232.jpg,,Real
images233.jpg,,Real
images234.jpg,Huat #u Paracezama' Thbi F,Real
images235.jpg,@elF @7) hutui;f son to ti PARACIP -500 LOTNTC = 9 FRACP-EC] Tt44-510 nio GSTLA,Real
images236.jpg,,Real
images237.jpg,,Real
images238.jpg,"Eus"" (Tablets Paracelamol 650",Real
images239.jpg,~To: lets,Real
images24.jpg,,Real
images240.jpg,Paracele Tablets IP Parabellum-650,Real
images241.jpg,Trtodduditoi Uue panacEtAMOL Pofacetamal USP paracetamoL Artnd Com,Real
images242.jpg,Paracetamol Eulene Louny,Real
images243.jpg,PARALIEF S0Omg Tablets Paracetamol MLAST TOAWALLOW CANITS Uac ONLI,Real
images244.jpg,PARACETAMOL Tablets 650 WG PML-650,Real
images245.jpg,Sualm PARACETAMOL MAHLETS BP 50mg Aectneeteecnen,Real
images246.jpg,TESCO Paracgtamol SOOmg Tablets  16 alamy stock photo Adutuen,Real
images247.jpg,Paracetanol Tablete E2 FQOD Paratic,Real
images248.jpg,,Real
images249.jpg,Parawon-5o0 Paracetamol Tablets IP 50mg arawon 500,Real
images25.jpg,,Real
images250.jpg,,Real
images251.jpg,Parocetumoi 5oO Fee,Real
images252.jpg,WoeoTol Paracetamol Tablets LP Qlidol-500,Real
images253.jpg,,Real
images254.jpg,Paracelarol Tablers | P Parasal-650,Real
images255.jpg,Paracetamol 650 ma Tablets Vecpol ot,Real
images256.jpg,Idi UOt PAHAcTMOL Pafcceramo uyp 360mg paracetamol ArtACom,Real
images257.jpg,96 TABLETS Paracetamol,Real
images258.jpg,"Tablets IP Dolo-650"" Paracetamol Tablets IP Dolo-650",Real
images259.jpg,Ioasz Ip [40  Paracetamol Tablets IP [650 {g) PARACIP-650 mfav-650 Cipla,Real
images26.jpg,,Real
images260.jpg,Lo D7 Tramadol HCI & Paracetamol Tablets Miedol-P mits,Real
images261.jpg,Faracetamol Tablets Pyregem,Real
images262.jpg,Paracetamc  Tabets Acton-Sun,Real
images263.jpg,Teacio Jiecty onden CuosuTo YAULOA Paracetamol,Real
images264.jpg,Eali; 4hochI 55,Real
images265.jpg,75 G50mg Tnets Purucetato JRUfKA,Real
images266.jpg,{ov riq 6670 hatn;,Real
images267.jpg,pincet1mol Paracolamol,Real
images268.jpg,,Real
images269.jpg,,Real
images27.jpg,,Real
images270.jpg,~FtGlat,Real
images271.jpg,Taoats P 650 Paracetamol OLIDOL-,Real
images272.jpg,"Paracelamol"" 40 mdiub",Real
images273.jpg,"Paracetamol Tabizts IP"" Pyrcgem",Real
images274.jpg,3ni4 Paracetawan Hanks # lin +,Real
images275.jpg,Aancetame Tabtets 560 mg Extramollsqu 37,Real
images276.jpg,~Piobose5so Paratetamal 63 ng Tabkts / € Plemol-650,Real
images277.jpg,Tablis Pardceanl -,Real
images278.jpg,,Real
images279.jpg,,Real
images28.jpg,,Real
images280.jpg,,Real
images281.jpg,Admtol 500 DT,Real
images282.jpg,Paracetarnol Tablets Acron-Sm,Real
images283.jpg,"PARACETAMOL TABLETS L.P 500 MG, Paraval-50o Aciiet",Real
images29.jpg,Paracetamol Caplets 66  so0my Cols cuconl,Real
images30.jpg,ISP Paracetamol] SO0 mg Tablet Sakit ng ulo 0 lagnat 108,Real
images301.jpg,cocon= PRCAc 4 Mnoci-huieide Esiclo-PT4,Real
images302.jpg,"Aceclofenac,Paracetamol ' Thiocokchicoside Tablets (Thiotic""-AP}",Real
images303.jpg,Cekaat DcTon,Real
images304.jpg,"Acediotena:, Parecelamol Thioco chicoside Tab ets Cclont Hp",Real
images305.jpg,Aceclcienac Peraje_vjl& CCSO; Wus SMONAC-Ip 0 bnon9 JHac,Real
images306.jpg,"Acedjerec  arace aIO Thocck-""kos de ej Critace-TP Crtct-TF",Real
images307.jpg,Lhttia Ra io! COLCINE-AF,Real
images308.jpg,Acecloienzr Thicokhcoside Tublets ACCIp-MI,Real
images309.jpg,Tablets Acecinlerac E TTEc chch;e,Real
images31.jpg,Apollo Paracetamol Tablets IP 500 mg Calpol 5001 1,Real
images310.jpg,"nceclolenat;, Paracclainnl & Thiocochicoside Hnmels eclclo-TP",Real
images311.jpg,Aceclofenac; Paracetamol 8 Thiocolchicoside Tablers (Acecloflam-TP4} Sannt Generic Tndia,Real
images312.jpg,2353 Paracstaind Talul: ASP rit1 Acceluleric ~Sunanonenlidaze MOB Fb,Real
images313.jpg,"Aceckorterzc Feracelwdl"" 'Serzhcpezinzte Tien Aklonac- SF]",Real
images314.jpg,Kaiogo Icaca Fclcic 4 TaLl`,Real
images315.jpg,Acufe ILAI HGneaa Skate SP,Real
images316.jpg,Aceclofenac Paracetamol Tablets Eciclo-P,Real
images317.jpg,Rodjensc &,Real
images318.jpg,tbx Fxordasrape nccls,Real
images319.jpg,'Aceckofenac; Farzcetanc & Thiocc'cticoste` pke Tutss Rean '4 CRItFEN-P Thocobbzu CRITFFN-T,Real
images32.jpg,,Real
images320.jpg,Aecdee: Purtezho| Micco chcoette Zoel Ycer_IH,Real
images321.jpg,Fban Pananc Labpeoung Prottde dvonce,Real
images322.jpg,,Real
images323.jpg,PAMANOL Kacmam somo JxI6 Tabiute Taclgt,Real
images324.jpg,"RANS Aceclole aC,Paracztarol & Sanz.Opeabdese Tab ets ARINAC ",Real
images325.jpg,hceclatcnia Raracoramoi Tzclut,Real
images326.jpg,,Real
images327.jpg,OOC,Real
images328.jpg,,Real
images329.jpg,Aginac TH Aainac-TH,Real
images33.jpg,,Real
images330.jpg,~CDTELA EEI Valel,Real
images331.jpg,"""iceclctenec Thogkhcosid Ee",Real
images332.jpg,Acec slerac & Paracetamol Tablets REGDOL P,Real
images333.jpg,Aceclafuna ; Paracelaniol & Thlocolchicosido Toblcts,Real
images334.jpg,batka % Pyzoc83r,Real
images335.jpg,LELEuc JueMU NJI? 8 Acscbferac Tanlers IOCECLO 8888 Triocokchcosde ,Real
images336.jpg,1 Thiocolchicoside Capsules IP dthonozide-Bi [,Real
images337.jpg,ACETAJ P,Real
images338.jpg,Acccl-eran ad Izes anlp-,Real
images339.jpg,Aczc dfenac Piracetzmo Triocolcticosiz? Tal ZS COMBIPARA-T 7ig01 =U ,Real
images34.jpg,,Real
images340.jpg,'lnaeh Acecloterac; Paracetamol an0 ` Chlorzoxazore Tablets ARFLUR- MR HRTR-73?,Real
images341.jpg,Tab Ets Tot ino? Theocor,Real
images342.jpg,Laliiie Qollosg,Real
images343.jpg,,Real
images344.jpg,"10 ,t0 Tacieti Ada ACEACT SP",Real
images345.jpg,Thiocolchicoside Lcnclolenac lablcta Tritatu-TH IRIVA 'l,Real
images346.jpg,ICa j0 kuat eclofenac & eiracetamol Tablets,Real
images347.jpg,"Acetcttre:, Paricehno & Serabzotcbcasa Tabe8s",Real
images348.jpg,Tnocolch cos ce Acodcturiac: Tablets #oncC,Real
images349.jpg,4o Tak Aceclaferac. Paraculamol Chlarzoxazono Tablets Oraclofen-MR,Real
images35.jpg,Oos-ioluoa Paracetamol Tablets /.P 500 mg Pomol-soo,Real
images350.jpg,ACETAJ P,Real
images351.jpg,ACEKFEN-P Aceclofenac Paracetamol Tablets CLKEN ,Real
images352.jpg,"Aceclolenac, Tablets Joflam-MR Paracetamol Chlorzoxazone",Real
images36.jpg,,Real
images37.jpg,F Tabe s e00-0 Panarc ~purcela a dvance,Real
images38.jpg,Paracetamol Tablets IP 500 mg Calpol 5o0],Real
images39.jpg,Foroceromol oblets 'SOJmg SNEHMOL,Real
images40.jpg,,Real
images4001.jpg,,Real
images4002.jpg,,Real
images4003.jpg,,Real
images4004.jpg,,Real
images4005.jpg,Ir #pism Itouenf,Real
images4006.jpg,,Real
images4007.jpg,Gtac etOna,Real
images4008.jpg,,Real
images4009.jpg,,Real
images4010.jpg,,Real
images4011.jpg,,Real
images4012.jpg,,Real
images4013.jpg,,Real
images4014.jpg,,Real
images4015.jpg,ATSIF /u AAHMCASTFO-Fubitar,Real
images4016.jpg,,Real
images4017.jpg,,Real
images4018.jpg,,Real
images4019.jpg,,Real
images4020.jpg,,Real
images4021.jpg,Nonaasalm; Uonchzrel Ecowprin ( ; (LI,Real
images4022.jpg,0 ASRIRIN,Real
images4023.jpg,,Real
images4024.jpg,9eus14  NskaIt 85770 D4o Pavl,Real
images4025.jpg,Aspirin Gastro resistant Tablets IP 75mg Ecosprin-,Real
images4026.jpg,,Real
images4027.jpg,,Real
images4028.jpg,"Asrrn Gastos""ssa1 | (iz#sipioy Ecoxprln-TS",Real
images4029.jpg,,Real
images4030.jpg,Atcrastln And Asoin Casues Ecosprin' 75/20 aa~,Real
images4031.jpg,Atcrvastatn And Aspirin Capsules Ecoiprin-Ay,Real
images4032.jpg,,Real
images4033.jpg,Atcrvastatin ANd Aspiri CAPSULES AtcrvASTAtini0 Aspirin CAPSULES,Real
images4034.jpg,,Real
images4035.jpg,"ASFiain Iastpo EsS] RESI TANT ~COSPRII 150 SFIAIN BASTROAES STANT TABLETS I? 59 #G J0 SPF K 15""",Real
images4036.jpg,ECOSFF Ml F ecncnainmeion,Real
images4037.jpg,,Real
images4038.jpg,'ATORVASTATIN AND ASPIRIN CAPSULES ECOSPRIN-AV 75 0jc -,Real
images4039.jpg,,Real
images4040.jpg,ATORVAFTATIN ANQ ASP AtorVASTATIN AnD ASPIRIN CAPSULES OSPR ATORVASTATIN AND ASPIRIN CAPSULES,Real
images4041.jpg,ECOSPRIN :,Real
images4042.jpg,Aspirin Gastro-res stant Tablets IP 150 mg Ecosprin-150,Real
images4043.jpg,ECOSPRIN 75 ECOSPRIN = GAE,Real
images4044.jpg,ASPIRIN GASTAO-RESISTANT' Mblets IP 75 W5 ECUS?T *76,Real
images4045.jpg,Aic[vas atin; Clcp dogrel and Aspitin Cansutes Ecosprin GOLD z0 #cospatc0lu z0,Real
images4046.jpg,SPIRIN GASTRO-RESI TaBLETS Ip 75 MG ~COSPaI-T ASPIRIN GASTRO-RESISTANT TABLETS IP 75 MG ECOSPRIN-75 Fma-o,Real
images4047.jpg,"vfuj *""n Hicwvasiatn Ard Aspuin Cacsules Ecosprin 150/20 XT * fn Tuaru",Real
images4048.jpg,,Real
images4049.jpg,,Real
images4050.jpg,,Real
images4051.jpg,,Real
images4052.jpg,Kusmamajn ASpikiiCaosules Jtorwistatin #ND ASPIRIN CAPSULS TNDUAGTA,Real
images4053.jpg,Axowastatn Ang Asorn Cacsues  Ecosprin-AV 75 &1 Wt,Real
images4054.jpg,,Real
images4055.jpg,Akonazatn #rd Asgun Czosies Ecosprin AV 75/20 Jo| svr Fah7,Real
images4056.jpg,,Real
images4057.jpg,,Real
images4058.jpg,Atcnastatn Ang Aspn Caosules Ecosprin AV 150 peT[-Jit,Real
images4059.jpg,,Real
images4060.jpg,,Real
images4061.jpg,,Real
images4062.jpg,,Real
images4063.jpg,,Real
images4064.jpg,ASPIRIN GASTRO-RESISTANT TABLETS IP 75 Md ECOSPRI-/4,Real
images4065.jpg,Aspirin Delayed-Release Tablets USP Ecosprin-325,Real
images4066.jpg,Aspirin Gastro-resistant Tabiets |P 150 mg Ecosprin-150,Real
images4067.jpg,Gmaan/$Kilcansii,Real
images4068.jpg,CFWASTATIN AND MtorvaSTATiN And Aspibin Capc,Real
images4069.jpg,,Real
images4070.jpg,TtorvastatIn AND ASPIRIN CAPSULES ATORVASTTIN AXE ASPIRIN CAPSIJLES EE,Real
images4071.jpg,Atrasar Mdklzck Ecosprin-AV75 mg,Real
images4072.jpg,Dlut,Real
images4073.jpg,300 EcoSpRin,Real
images4074.jpg,,Real
images4075.jpg,ASPIRIN GASTRO nESISTANT TABLETS IP 325 MG ECOSPHIN-325,Real
images4076.jpg,,Real
images4077.jpg,,Real
images4078.jpg,,Real
images4079.jpg,,Real
images4080.jpg,1E Cups4es ~Atorvastatin; Clopidogrel and Aspirin Capsutes Ecosprin GOLD 20 #PFi JR ?0 PnarmEasy Pharme pnart,Real
images4081.jpg,ASPIAIN GASTRO-AESISTANT TABLETS IP 160 MG FcosPRIN-|50,Real
images4082.jpg,,Real
images4083.jpg,"Konasta,M Chop copelad ASpum Causules Ecosprin GOLD 20",Real
images4084.jpg,,Real
images4085.jpg,ATORVASTATIN AND ASPIRIN GAPSULES ECOSPRIN-AV 75/20 16/?u r47 704 471 mEasy,Real
images4086.jpg,Aspun Gasyc-essl2y Tmes UP |EDm Ecosprin-150,Real
images4087.jpg,Jo *1s Capauiee (Atorvastatin; Clopidogrel and Aspirin Capsules Ecosprin GOLD 10 'FD T,Real
images4088.jpg,"""ASPIRIN GASTRO TABLETS IP 75 MG ~RESISTANT' EcOSPRIN-75",Real
images4089.jpg,Wellness Fert Ver ,Real
images4090.jpg,Aspirin Delayed-Rercase Taolets USP Ecosprin-150,Real
images4091.jpg,,Real
images4092.jpg,Aspirin Delayed-Release Tablets USP Ecosprin-325 Qrce Teai,Real
images4093.jpg,wwKtnme dstcomo,Real
images4094.jpg,Aszim Deleyed Reease Tabtets USP Ecosprin-I50,Real
images4095.jpg,,Real
images4096.jpg,ATORVASTAIIN AND ASPIRIN CAF'SULES ECUSPRIN-A 75,Real
images4097.jpg,0 3 8 1 1 1,Real
images4098.jpg,"Atorvastalin; Clopidogrel and Aspirin Capsules  (Ecosprin COL,D 10",Real
images4099.jpg,TPSULES As-ipinchpSulE,Real
images41.jpg,Huat #u Paracezama' Thbi F,Real
images4100.jpg,Aspirin Delayed-Release Tablets USP Ecosprin-75 F-%t,Real
images4101.jpg,Hxonvastatn Ano Asq_n Caosules Ecosprln AV 150/20 # &1 f4o/?o,Real
images4102.jpg,,Real
images4103.jpg,,Real
images4104.jpg,,Real
images4105.jpg,,Real
images4106.jpg,,Real
images4107.jpg,"Aspirin Gastro-resisiant Tableis P A50mg"" Ecosprin-150 mg MMAd",Real
images4108.jpg,OBVAStAINANC ~ATORVASIATIN AND ASP RIN CAPSULES AIR AV75,Real
images4109.jpg,ATORVASTATIN AND ASPIRIN CAPSULES ECOSPAWN-AV,Real
images4110.jpg,Asnirin Gastro-resistant 1 Taulers IP 75 mg ECOSPRIN - 75 {i8-9* Eecht mele Vceelct Cdla 4FCF ETa Diude 057 [ FresordDy !n= prolucieu Irom FOAo EiuJ b mulyrud rncla Aal chat Dnart- Donolbiin nlecu 1 2 Fnahet Emu ce,Real
images4111.jpg,Aspirin Gastro-res sian Tablexs IF 75 mg Ecosprin-75,Real
images4112.jpg,Awanknkns Ecosprn 15/20,Real
images4113.jpg,,Real
images4114.jpg,,Real
images4115.jpg,,Real
images4116.jpg,"(Atorvastatin , Clopidogrel and Aspirin Capsules Ecosprin G' OLL 20",Real
images4117.jpg,Plus Ecosprin,Real
images4118.jpg,,Real
images4119.jpg,Aronacatn And Asorn Cacsu es Ecosprin 75/20 #HTA & &i0,Real
images4120.jpg,"1mg ""Aionaslain And Asorn Gasuxs Ecosprin TARA stai '75/40",Real
images4121.jpg,Aspirin Delayed-Release Tablets USF Ecosprin-75,Real
images4122.jpg,EUR UFRERIL> fzieloid,Real
images4123.jpg,"Tatnofspiri""cfsuie= Lakacn",Real
images4124.jpg,1jJ> 15C1au*] Atorvastatin; Clopidogrel and Aspirin Capsules Ecesprin G OLD} 20 Xid Ir,Real
images42.jpg,"0irow Yurie Efjj huc3tl"" PARACi PARAC Vdci_n",Real
images43.jpg,,Real
images44.jpg,,Real
images45.jpg,500 Wellpar. 'Sm8rn Tablets ! Paracelana} F,Real
images46.jpg,PARACETAMOL |,Real
images47.jpg,,Real
images48.jpg,"Eus"" (Tablets Paracelamol 650",Real
images49.jpg,Paracetamol Tablets IP Calpol? Talteh,Real
images50.jpg,RctmlEkbbizis Auparabc Bei,Real
images5001.jpg,,Real
images5003.jpg,,Real
images5004.jpg,,Real
images5005.jpg,,Real
images5007.jpg,,Real
images5008.jpg,,Real
images5010.jpg,,Real
images5011.jpg,,Real
images5012.jpg,,Real
images5013.jpg,Wannl *3,Real
images5014.jpg,,Real
images5015.jpg,,Real
images5017.jpg,,Real
images5018.jpg,,Real
images5019.jpg,,Real
images5020.jpg,,Real
images5021.jpg,,Real
images5023.jpg,Cacum wibh Viarin D3 Tabiets SHELCAL 500,Real
images5024.jpg,e,Real
images5025.jpg,"ShelcalCT 1 J iwih Caicitol Tablets shelCal"" CT 1 Ca cuum'",Real
images5026.jpg,Cacut And Vatn J3 abls UP ISHELCAL 500)  5 { Gachn Ard Vzn J; TakeslP Jg2 RNI 6 medicaldawa,Real
images5028.jpg,Apcllo Calcium And Vitamin D; Tab ets | P (SHELCAL s00} Uoj Mo 250IV ~I@lSTER STRPS:I ETS EACh,Real
images5029.jpg,itb Hehmnnmcal,Real
images5032.jpg,Cacum And Viamr D; Tables ? SHELCAL 250 Cacium Hnd Viamn Jz Tat ets IP SKELCAL 250,Real
images5033.jpg,~omita CaroL Aine Jen**,Real
images5034.jpg,Lec-m ht~ Mikil3 Mas SHELCAL so0} NSum Aro VeCnD; [2es skelca s00,Real
images5035.jpg,Apolla Cacu; Vianin D; Mevn cccalamn LWecny toan Cakcium & Picoval5 Prosctale Eeclets (SHELCAL XTE Ic WusTeR M Ai?5Or iostkn (nhl4 -udAc],Real
images5038.jpg,,Real
images5039.jpg,"Cacun""mHaratto Eber SHeLcAL: 05",Real
images5040.jpg,ISHELCRLGI [ ~alcium with Cacurol Taolets 6 (SHELCAL GIL,Real
images5041.jpg,"Cacium Kith Vitamin D3 Tawieis= ' ShelcAL"" 500 Cacurm wth Vitarin D; Tablets 1 SHELCAL? 500",Real
images5043.jpg,Caloium And Vitann D; Tablets  SHELCAL-Soo omatJin,Real
images5044.jpg,Nishclcal So1e shelgalz30,Real
images5045.jpg,Apolla Catctrol Omece 3Fety Accs Vertbrazrin; Te Acd Ecvc & Cacuum Cacocale Sh Gcain (zowu/e5 (SHELCAL-CT MAX) MfleteA CTf Pe GeheciDenegfici,Real
images5046.jpg,"Cacumwih Vemin D, & Mnerals Tablets isheLCal mi Fuae- S1rejs d7(sTLILEIERA",Real
images5047.jpg,,Real
images5049.jpg,,Real
images5050.jpg,Lcal9o G1: CuLLCALEtd,Real
images5051.jpg,,Real
images5052.jpg,SHELCALS 500 9 ; touent + Calcium with Vitamin D; Tablets SHELCAL 500 1,Real
images5053.jpg,40 ? 15 Tuaaaa Ceciun %7 Vamnd 1z SHELCAL HD,Real
images5054.jpg,Cacijm wn Alacalcic Tables (SHELCAL-Os) Viod 025 @et {sp  0),Real
images5055.jpg,10 *15 Tablals Calcium with Vitamin D Tablets shelcaL 500,Real
images5057.jpg,(a/ nliiaui i? SHELCAL HD,Real
images5058.jpg,Salzium And Vizmin D; ablels sheLCaL-HD 1 CalcJI And Vamin 3; Tablels IP_ SheLCaL- HD,Real
images5059.jpg,Calcium with Vitamin D3 Tablets SHELCAL_ 500 s00 Mot Z50Iu mMSTen EEEE FE4fIAfTIFfifr {Mtlo-4jo,Real
images5060.jpg,Weecen ~shulciL-Ho],Real
images5061.jpg,Cacumwth Calciuc' & Viamin Kz-7 Tablets SHELCAL:K,Real
images5062.jpg,Calsum SMn Wla min D; T3blels SHELCAL-SOO,Real
images5063.jpg,Calaum wi Calcaial Tzzlels SHELCALCT,Real
images5064.jpg,,Real
images5065.jpg,Calcium And Vtammn D3 Taclels tP (ShelcalHD medicaldawa:,Real
images5067.jpg,Calcium with Calcitriol & Vitamin K; 7 Tablets SHELCAL,Real
images5068.jpg,Calcium wh Calcurol Tabets SHELCAL-CT,Real
images5069.jpg,SHELCAL ISO,Real
images5070.jpg,CEm Kun !tn D3s Vemoe : SHELCALLHD 1 0 Cacir#E Kzral atarE Tab SHELGAL HD 12,Real
images5071.jpg,Mabum And Vemn) TeclP: SHELCAL 250,Real
images5072.jpg,Carinwith Mam D Teesy heLGAL H 1 1 Wcalt Ca ciLm Wih Vilarrin Tablels Shelcal hD,Real
images5073.jpg,SHELCALRO5 8 Caciln Kib Hlzaticb Teces SHELCALP OS {,Real
images5074.jpg,aucaecnn,Real
images5075.jpg,,Real
images5077.jpg,epOCO CjoonC,Real
images5078.jpg,"Ln02na ured Type | Colajen, Ctoezalcifer l, Calium Cartonz? Vnarin C & Vreals Sai Geacn Cacsules Joikts sf Hiase =uelea",Real
images5079.jpg,,Real
images5080.jpg,Apollo Ungenaluted Vnpe Chclecalcilerol Calcium Caroonzte Viarin C & Kinerals Soh GeatinCzos € SHELCAL JoihtS s Ccnn TJ tt deGarasn %10455 ' viiged Cjagen,Real
images5081.jpg,Cacumam Cachcl 6 Matan-^ aces SHELCALIA,Real
images5082.jpg,tanoWoD; s EHELCAL,Real
images5083.jpg,~aci m And Viarin Da Tatlers IP Shelcal 500  1 Onent Calcum And Vrarrzn Dy Tabviels,Real
images5084.jpg,,Real
images5085.jpg,Calcumiat Cacitriol anas3 shelcal c) Cabun vih Caliiel Tacers E,Real
images5086.jpg,"Cacium with Vzrin D;8 Mnerat Tatles ASHcLCEL-M (aE""ga)",Real
images5087.jpg,Goru-lambiam} # SheLcal 4J,Real
images5088.jpg,tacir And Wtern Ly Tatleis (Shelcal hD) Calcum and Vznr Tc ets LP (Shelcal:,Real
images5089.jpg,Calcuum win Vamin D Tablets SHELCAL 0441o-081,Real
images5090.jpg,Cacim And Viamin D; Tablets SHELCAL,Real
images5091.jpg,AF VrzmaD; T e ZheLCA 500,Real
images5092.jpg,Toncnt Calcilv Arz vilaric D; [cetsI? (SheLCAL 500) nnl,Real
images5093.jpg,Amttii L O44.,Real
images5094.jpg,,Real
images5095.jpg,,Real
images5096.jpg,"Calcium Carbonale Fyricoxa"" '-Phosphate , Fclic Acid, Vitamin Dz, Cyanccobalamin viith! DocosanexaenJic Acid (DHA) Tablets SHELCAL MOM 69/ fssai pl  Aoz Aeenin? Reele H Phari",Real
images5097.jpg,Apolla Cacum Carbzrare Calcuro 6 Scya Ischaones 40 % Sct Zelln Capsules SHELCAL- Jueiecaprues dal-S10,Real
images5098.jpg,SHELCALM Tnng-DF ],Real
images5099.jpg,"Cajium WE7 Vuann D, & WzmoB Teces  Shelcal-HD+g ehlett",Real
images51.jpg,Tablis Pardceanl -,Real
images5100.jpg,,Real
images5102.jpg,,Real
images5103.jpg,"Cakcim Carbonate, Fyrboval 5' Moccnate Folic icid Vitamin Cyenocobaan Drcosaneraeroic Acd (DHA) Tabets EHECGa Heanoa fxaf MMA tmr",Real
images5104.jpg,sheLcalaso,Real
images5105.jpg,Cabuna dVurnl; @ez ? shelcthoi ximk  ent LEe,Real
images5106.jpg,TaD Uo eLSHc,Real
images5107.jpg,Jilei=,Real
images5108.jpg,"Cakimwn Wam_ D, 8 Vamn B  Tables SHELCAL?HD 12 QEUSTRSRPSOI Jsent Aclm -Q-a",Real
images5109.jpg,shelcalcho Shelgal-Ld42,Real
images5110.jpg,,Real
images5111.jpg,"Cacin wh Varn D 8 Wern 3, Tabes (shelcal:HD Qinaxn- Qui",Real
images5112.jpg,TNMEDS,Real
images5113.jpg,,Real
images5114.jpg,MmE Ehttcal,Real
images5115.jpg,Caljium #th Wtamin _3 Tabets shelcole0o,Real
images5116.jpg,1 '2 Vtanin D; Tealets 0 2 1,Real
images5117.jpg,HALetlitd 1 1 694:,Real
images5118.jpg,Dral: oooo6 Tiuclcal Cnei= Lenneeneennn (Wellness Ferever,Real
images5119.jpg,,Real
images5120.jpg,aleeneel with Vilamin D; Tablets SHELCAL2EO Caidjum !,Real
images5121.jpg,,Real
images5122.jpg,,Real
images5123.jpg,,Real
images5124.jpg,,Real
images5125.jpg,,Real
images5126.jpg,,Real
images5127.jpg,shelcalti icit suclonl-k,Real
Screenshot 2025-09-17 173830.png,Xs0s9a6eX,Fake
Screenshot 2025-09-17 173925.png,Diatabs 2 m9 CAPSULE Leperamide AMIIMOTILITT platabse 102@SWNE TnEatcaa Laeelahlaey DEaE M8 CAPSUU AnmhotlY Lopera Qlatabs HenLOVUE W H ade ad mide],Fake
Screenshot 2025-09-17 173947.png,Hld CubacIstolnoli solmux Espaule OIE Eabocistelne Solmux 00 4a Capaulo cortc Carbecisteie ] Solmux Jo0 98 Camula [carbocstelne Saln bod Ceneulu Ucoitiic anaeisteine Solmux etla Gutt,Fake
Screenshot 2025-09-17 174004.png,,Fake
Screenshot 2025-09-17 174048.png,(Loperauude KCI] [Loperamide HcI Lumoui Lumu 2Mu Dhblat Talitu Rta ioar ORXtr' 14 Lk*2791 Loporamide HCI [Loperamide HCI uutIS Lomolio Mnan Knni ain Tablut Anem auieF DR XY27914 12*J18F DR Xzne pperamide HCI] Loperamide Hcq mqulil uuutile Tilu J0nLE OR-Xr2n9 4 121010I DR Xr ~operuude HCI] [Leperamide HcI] uuotile Lumulil ablal AuL-matilige Zma Toblot Ant Tuth Honnf DR XY27014 I20An DR-Xy27914 Luperamie lcI @operawide wc Qmuatlw umotile Tnblut Andi-uw (alily Ju1g Tallet Aula-teu onnr DR- X27814 12Br DR-Xzre(4 operamide Hc] [Copcramide Hc omnotile 1mp uF OR-Aiatud 12i01uF LK7727914 operamide HcI] [Leperamide HcI uli Lumatil Taldat ueetet@aale 2m0 Tablal Aala Jude DR-XYtu4 121067 Or-Xy2td14 maral pue Hcu Lopuramide HcI] aulu Ea M Or-Azt0i 17210= DtATat operauitle HcU] (Loperumiue HCI Jau,Fake
Screenshot 2025-09-17 174103.png,,Fake
Screenshot 2025-09-17 174126.png,Leelnen Jddcu Flnn 080 E4-a LAeneleane Ei IdeLeeu Wnnn ueeh L 0803l ERELaeunanel Aannum ttnaut uwlati Lmnerkena,Fake
Screenshot 2025-09-17 174153.png,,Fake
Screenshot 2025-09-17 174239.png,W3 Lar @ezie Eatz FENHUANGY IAN ZHUSHEYE 4R #1##tr+9 Aai 4,Fake
Screenshot 2025-09-17 174308.png,clim Dna /H51022519 '#ahahexz CIOAVAENA ME DORS 8mlbh MJi )Xu 'Fut7 # Tinau,Fake
Screenshot 2025-09-17 174345.png,0 Metenamic Acidi Ry poltenal (cineln Wefenamic Kcd R poltenal K CUMA 1 R efecamicecid 1 Aalecl hiol HEx Do P [etenamicacit polfenal (onain Mefenamic Acidi Ry Dolfena R Metenemkc Acid] 2 Asi 7,Fake
Screenshot 2025-09-17 174416.png,,Fake
Screenshot 2025-09-17 174538.png,'Loperamidel Imodium 2 Ino apsule mide] [Loper= Imodiu mg [Loperamide] Imodium 2inu Conarlc midel Loper_ Imodiu Mg can '[operamide] Imodium,Fake
Screenshot 2025-09-17 174557.png,Sothc,Fake
Screenshot 2025-09-17 174626.png,(Hyoscine Hyoscine] Hyoscine] Kubrnde butdromid butybromnide Buscopone Bustopon Buseopon 10 mg tablet 10 mg tablet 10 mg tablet SanOFI ) SAhOFI ) SahOFI $ DR-Xy41205 DR-Xy41205 DR XY41205 Hyoscine Hyoscine] Hyoscine] Noutbronide Hbruide Noutbrpuude Buseapon BuscOpon' Busoogon 10 mg tablet 10 mg tablet 10 mg tablet SAhOFI $ SahOFI 5 sanOfI € DR-Xy41205 DR-X741205 DR-XY41205,Fake
Screenshot 2025-09-17 174641.png,8 20150325 B 20150325 ED 01 2025 ED 01 2025,Fake
Screenshot 2025-09-17 174746.png,0,Fake
Screenshot 2025-09-17 174813.png,Fnan entea 2,Fake
Screenshot 2025-09-17 174826.png,,Fake
Screenshot 2025-09-17 174843.png,44 Laetela M Lce Lte 77S Laln,Fake
Screenshot 2025-09-17 174948.png,100 DEXTROMETHCRFHAN HBr capsules PHENYLPROPANOLAMINE HCI PARACETAMOL TUSERAN FORTE 15 mg 25 ig 325 mg copsule Ratormuloled ANTITUSSIVE NASAL DECONGESTANT ANALGEsIC ANTIPYRETIC LoTUdJd  UAUB;nc J0 Guntdstr MnlnomCy Uao Lonb AC,Fake
Screenshot 2025-09-17 175006.png,100 DEXTROMETHORPHAN HBr capsules PHENYLPROPANOLAMINE HCI PARACETAMOL TUSERAN FORTB 15 mg '25 mg 325 I0 capsuld Ralormtlalad TUSERAN ForTE couGh & CoLD SOLUTION Stops couGk RelievES col0s ANTITUSSIVE NABAL DECONGLSTANT ANALCEBIC ANTIPTRETIC,Fake
Screenshot 2025-09-17 175026.png,100 capsules DEXTROMETHORPHAN HBr PHENYLPROPANOLAMINE HCI PARACETAMOL TUSERAN EtorAGoa TUSERANFORTE F WARNINOS Drtatnd Iendetreuonatt Hat Fu Mecoaneroenuantnt [ 0 Deu 4hnta puxio atmure parn ]] 0 3n dd (e uet n,Fake
Screenshot 2025-09-17 175208.png,4u OTC 0x%: 064+H20073761 24# KiRktku COLLOIDAL BISMUTH PECTIN CAPSULES 1r: 5032( Mirit) @9iine sWRbur6) en,Fake
Screenshot 2025-09-17 175235.png,"O O G 0 ReRreRr "" E#RRERR R #RR#br R#RRI DRRERA",Fake
Screenshot 2025-09-17 175301.png,,Fake
Screenshot 2025-09-17 175322.png,@Em 1 1 0 p# 544 #r@aouginbnnad,Fake
Screenshot 2025-09-17 175354.png,t# B J 2 1 rahiubiar4m,Fake
Screenshot 2025-09-17 175453.png,100 CAPSULES [buprofen] Medicol? Advance 200 Mg SoftGel CapsuLE Non-sterolaal Antl-Inftimmatory Drug Analqesic Antiptreuic ,Fake
Screenshot 2025-09-17 175509.png,n C Ibuproten; (ei| Mcdlcon Advaned n KAA Adstisieern Anentaadateeld Ed I,Fake
Screenshot 2025-09-17 175527.png,100 CAPSULES Ibuprofen] Medicole Advance 200 Mg SoftGEL CaPSULE Non-stcroldal Anti-Intlammatory Drug Analoesi Antipyretie,Fake
Screenshot 2025-09-17 175545.png,Ibuprofen] Medicol Advance Jo0cad dortoll cadsult WANNGS Alant @uaroterfancaina aneraaner g Mnadomeakencboninniantld eaanenenenna Ca Keddan to acana Gentshard C Tatenen Lidr eenoec edlaand Whenutngthiprodnctthatnolneananachor Rao notaaan iroramanincronan Toumia ntoretnnnodo Stomachoieano Wartng Taerodeticoaiaias ad Katnly Oratnsnd  Aacntent lonoerthanarectod 6 8 Cin iooloon urt Donoltate londer Man1o Unandneccdbia edeconn o dacto and LOOL Jed odred antobod Cocod VoD CCon od # nnaidoana e 3 (0 ( ColeAa tote e e Cun OoD,Fake
Screenshot 2025-09-17 175617.png,Hyoscine Hyoscine Hyoscine N-butylbromide N-butylbromide N-butylbromide Buscopon@ Buscopon Buscopon 10 mg tablet 10 mg tablet 10 mg tablet SANOFI € SANOFI SANOFI W2on DR-XY41205 Hyoscine hyoscine] Hyoscine N-butylbromide WNbutylbromide Nbutylbromide Buscopon@ Buseopon@ 10 mg tablet 10 tablet 10 mg tablet SANOFI SANOFI _ SANOFI DR-XY41205 DR-XY41205 DR-XY41205 Busgopon  mg,Fake
Screenshot 2025-09-17 175723.png,cine hyoscine emide butylbromidc pon: Buscopon' tablet 10 mg tablet Fi3 SANOFI 305 DR-Xy41R05 Hyoscine ryos  Ine hyoscine] Kbutybromkde Kbutybbamkde Mbutybbromlde Buse On Busgopan: Buseopon' 10 mg tablet 10 mg tablet 10 mg tablet SaNOFI SANOFI SANOFI DR-Xy41205 DR-XY41205 DR-XY41205,Fake
Screenshot 2025-09-17 175736.png,8 {90609 5 ED 182022 ED 10 2022,Fake
Screenshot 2025-09-17 175749.png,B 30257250 B 30257250 ED 08 2025 ED 08 2025,Fake
Screenshot 2025-09-17 175833.png,Diatabs CAPSULE ANTIMOTILITY Loperamide Diatabs 2 mg CAPSULE ANTIMOTILITY Ldetdti e Diata6eq 2 mg CAPSULE ANTIMOTILITY Loperamide Diatabs 2 mg AnTMOTiLiTY Loperemide Diataba 2 mg} CAPSULE,Fake
Screenshot 2025-09-17 175847.png,8 @,Fake
Screenshot 2025-09-17 175938.png,,Fake
Screenshot 2025-09-17 175957.png,R R acie R k R R K R R,Fake
Screenshot 2025-09-17 180036.png,"ForMulATIOM Each film-coated tablel contains: Phenylephnne HCI F10 m9 chloyenenamine raleate 2 Ma Paracelamol 500 mg indicatioMs Ihts medicitg $ Used (c (rd reliel ol ckgged nose, funny nose; postasal Crip, Itchy anduattry cyes, steezing headache; cody achesand (eter associated With the conmon cold; allero € mhin ts, sinusilis, Ilu; and olher miror (espatory tracl Inlectans Italso helps decengast sinus openin 9s and Fassages . [0usageand ADMINISTRATIOM Aoults end Children 12 years and alder: Oraly tablet Geety hours,05as IucUM Tendod 5y coctot COHURAINDICATIONS Lou jr0 altergle to any Inledient 0t the prcduc:  Fhgh blond prussure 04 sevcfo Laulafe ended Bra decto antmi ludroy C Duor d1ec250 Lnluss rlkdbna coctor ereonic D cjsticojing",Fake
Screenshot 2025-09-17 180052.png,"WarhinGS aming; Ibs Mocu | contirs pracchmd Scnnlu d2lnc mz] occu I Nju""4e Mce Uen g dousxLrln?4 mus Innbtnannm 014, amount 0uex ntudne> ctnannjn Quta 0 reamnantant Jo mare Ikcotakc 0 (3 trnd/ Anlctang 016 Doj-1 Alar9} Alert Parze9ndmzi calnd {nto *ntortor Srrrpor mly ncuje Stnnanng Riskcrs Rush Qun (cxtpn &u {CO Lec Jnc scek Ttdci Ilah 387 Dle uenthawet nedaratetanrgenarachu eocecratine @ ptexamji tsoc g ncrciosetfronl I Joircislmane Teucnc Oonbins ""esc ~cu inctpjfnl, ooctc( A dp nke ur dPJheh( 0( EoX Ks Haaenened nudatumtaran; Ducd Inuy ae Cled oueres  FalrttesjogcscneLu drn] puratttndobiet LEA (Dunjdernes Concila ( Cc[71a dcanunelted ponctere dif  tcupatbelon Hudne cuid tex had achtotcnicton Droercind Eaaielk nriea nrnaaa (htta dAnactu Ana Inedcaleacon Fb Koaauaid n Foidel Void Neutty urtoomin dreedue alen Fec ptude 4 ne AAtch oidu Drt n ClkcJc WtJo tHd LnY Kp ""hc Lan 6- 6rf E1",Fake
Screenshot 2025-09-17 180106.png,U066300 CT 2d2g ceted 400 Film Coated TABLETS PHENYLEPHRINE HCI CHLORPHENAMINE MALEATE PARACETAMOL BIOFLU 410mg ! 2mg(Sod mg FlMCOATEO TABLET Nasal Decongestant Antinistamine BIOFLU Analgesic /Antipyrelic,Fake
Screenshot 2025-09-17 180119.png,4100 Film COATED TABLETS PHENYLEPHRINE HCI CHLORPHENAMINE MALEATE PARACETAMOL BIOFLU 40mg {S00 ing Filicoated TablET 8 Nasal Decongestant Antlnistamine BIOFLU Analgesic/ Antipyretic Ui 1z09' 8,Fake
Screenshot 2025-09-17 180132.png,"100 Film COATED TABLETS BIOFLU 807788""526762 PHENYLEPHRINE HCI CHLORPHENAMINE MALEATE PARACETAMOL BIOFLU 10 mg / 2 mg / 500 Mg FiLM coATED TABLET 8",Fake
Screenshot 2025-09-17 180146.png,"4100 Film coateD TaBLETS BIOFLU 807788""526762 PhENyLEPHRINE HCI ChLORPHENAMINE MALEATE PARACETAMOL BIOFLU 10 m913m9/58wgfilmcoated TabLET 8",Fake
Screenshot 2025-09-17 180157.png,00 film coaTED TABLETS PHENYLEPHRINE HCI CHLORPHENAMINE MALEATE PARACETAMOL BIOFLU 10m9 2mg Scomg FiLN coaTED TABLET 8 Nasal Decongestant Antihistamine BIOFLU Analgesic / Antipyrotic FOeCei YoadEarid Sua 8,Fake
Screenshot 2025-09-17 180208.png,"U2350770 JL 2024 UL 2021 700 Filh coated TaBLETS PHENYLEPHRINE HCI CHLORPHENAMINE MALEATE PARACETAMOL BIOFLU"" 10m912m915mg FilMcoated Tadlet Nasal Decongestant Antinistamine BIOFLu Analgesic/ Antipyretic",Fake
Screenshot 2025-09-17 180223.png,"aaMnGS Livcr Warning: Ihsptoromnsnencadrd Snut[vx crnaromy: cccuI pJLE Notozn pulpar - atelnzaturs. Attch Buenenhtin @htomnt pirci Ortkr conbinronrrcramcl ic Elatu cchen; c Dara eccrch: drrks GthlJy uale Mlng Es pract Ancrg} Akrt PrueelmuI CaJia Hatar aun ne Surol may rclc Stnlejrnna Bra Rusth Haan tracton cceri,itce (3oandscch mc Iai-briaht J037 Co n9lued nitr @nioh3mecii e conbincdeccci cchgty, encntite Nrebn )  (ptesctc*cr Oftuhecipt You *r not SLrd arrni meJcia cccten $  neia ttdatctng nynral4' 027 4 cccd *Jcur peuhae ba & kerdr deat5e Ocbbj0y ou ar latngrulann; bled Fuonra Wedct petanask; pedents 72J0 06*4eEhAcaanaddtn creeltemrqone Lesijuicournen Rmomet tecutringus-Jccst @aleaebehar tecrn ttmtrln pLAcutel rjotnd ujhudibe Kdejre rumicornctt comjrt(neo Echdectttd Ju4tebetun[damJcrehaa Teuulb Da Foxeateeatea 974 ph ENDe Man aereachaktrOccuaberm Robrd ulayoing Dim4 aa 5n CfE",Fake
Screenshot 2025-09-17 180304.png,"73 2 4 T """,Fake
Screenshot 2025-09-17 180322.png,DuarOL Zuxokol 43M INR €1 uKON BUPROLCN RACEAHOL EARAcEAMOL Arnxantr Alaxnt Toci Om TBUPHOTER H#UPRODE ARACEAOL PAKACEANOL HLATNOR HLTANT 2498 [E2 3a AMUEEOTEN MUPROTT AAcLAMot Einchatol an La 41LD 3*Er HLBuOL [anichoruor] HLTA 0t,Fake
Screenshot 2025-09-17 180440.png,Wetabe @ Je(u Lpttnlds pintand Jeud Topramldo Dletabr Ea(Anu dolua Ldaei Qiatahe Jauai Latam unlde,Fake
Screenshot 2025-09-17 180452.png,33 0 U M h #,Fake
Screenshot 2025-09-17 180506.png,,Fake
Screenshot 2025-09-17 180529.png,| 2 medicir medicir om/harshini-t-g-r/counterfeit Advance-Buscopan-Kremil-S-and-Loper,Fake
Screenshot 2025-09-17 180548.png,(Deprolen Ihupolen Juprolen Jr Ibeeroler] Mako4ct EE Ibuerelon Makorann 'Jeuerefon Morng (Ibuprolen] Adu Jouprofen Nevprolen,Fake
Screenshot 2025-09-17 180616.png,002i720 FBR %724,Fake
Screenshot 2025-09-17 180631.png,LHCDITUTW [ NI LkoAR O4 Dint DLiokh ialtOxnho Alumlnum Hudroxldy Manncclui Huurotlde Hmullconr Kent!tII Itaen 711mutraWa chLiuinnenl] Ahtacid WaaLi,Fake
Screenshot 2025-09-17 180704.png,3 3 3 3,Fake
Screenshot 2025-09-17 180714.png,"Ide MLIMIACID CAMdar 0aa Mnteliee MOi He R R DUMQAcIP MeteMiASID  Garoarr OABDAH PoueIsbial Econe Eatul K Eaerenle R MUNLAAAdD MUMWSASD CARDAN CAAAAn tol uamo ladet Jed R reneierenie B MmK AcID IeMmIQAQD GA CAKDAN B0tEtal B Aal eanehaentie B 2"" k Haqudcacid DJUMQAcD Galbnd CARDAN Eufafaaal nkl R B NulKACD CtcAQp_ CARDAR Guc",Fake
Screenshot 2025-09-17 180738.png,3 0,Fake
Screenshot 2025-09-17 180755.png,,Fake
Screenshot 2025-09-17 180820.png,,Fake
Screenshot 2025-09-17 180831.png,"Itnn ITn QEaGEFHoL)  PAEACEFHoL) REXIOQICFQRTE REXIDOUYFQRTE AWNC5ODNY 2024 201285001NY 7024 Hedo Wwicad eeenoD CAFL Paa5efhoy) REXIDOLYForTE REXIDOUEFQBTE, 2002  001a42024 201285016AY 2024 Maa @ PARACE LAMOL) (eeemol) CAFEFINE CAF REXIDOUYFQRTE REXIDOUSDRTTE Wurin 21e5w1N2024 @Va5oONRY 7024 (UNIA WN PARACELAMOL  (PARACETAMOL | Cafffie CAFEEINE RExidos Dei REXIdgIHAHI; Zn591 %2024 aVasoUhRY2024 Wumm (m (AGHapou)  QHHEHHamol) reXIDQ SVHL, RI Xiuqu AA 2602e00aY2624 2602650o1N3024",Fake
Screenshot 2025-09-17 180900.png,"1nminipiri ELEL Gnera Sdieca Wtn P Buclizing HC Huclizine HCI Multivltamins Ztvtaman e Jdend Quclizing HCI Eucizime HCI utvitamlns 7 kevtatnins nae Mineral FTopa Vain 4oual dl Bz But- 27r TRC Kunlsttrt mollivllanio2 Aainetal AMere ~ICJin stna K Fiucutin HGI Ruclizine HcI Ctees Duclizine HCI Duclzina HCI 'Auitivitomins Jultivltomlns Minaral Mlneral Buclizia MCI HHucllzina HCI 'Auitivilamina Multivutamin"" e l 070pat | vlth 6or B Buchana HCI AucluhaHCI Lana KATET a",Fake
Screenshot 2025-09-17 180914.png,6a 3Z N H,Fake
Screenshot 2025-09-17 181023.png,"aharht ANTLAtUaEaT Aluminum Mudaori Mugrot Mnam Hurcori 0e9040 e460140 rcont Arerrull - 1020 (J0m0 ( J0 me CHEnABLE Tanllt Almnuuu Hudqualde AMAOD AT LAILLERT ""runeeiuin HudoutIde Ameticwne @eparcoorru4o Aell npamathmtattana cheMnDaalcT MACID (ARTVLHIULEYI Anaue HulautIde Mtun ulum Hudroxlde metcone Be70*4Lehg Mg hremdl 7it Chatnale [AblEt Aluminum Mudroxldt HNpc@(ANtELauLaNT Tum Ium Hydroxide Hme(kune HAAA Crck drFomE LLon4O Krttull-60 FJ0e(jnb chdtelgtalt Hn ATATULeMT CMTEMnNON unta Dw 0i4 AJuna",Fake
Screenshot 2025-09-17 181033.png,1 8 0,Fake
Screenshot 2025-09-17 181046.png,"ANTACID Aatheauleht AluunInum druxide Maung Roxlde e CHltt HinetIuna QuE Ralo Aremll eumi cheAnaE TAQLEI Aluminum Hydroxldg AntacID ! AntWLAILLEAT Mdqem unntu Hpnalnanlue madcotd LAMAR 0r culn aeror a Anentunti = #edin CIALIl Ahlaet FlAIIN Alumnun udrond Haanaalum Murotide D4 Chet Ama dcporatOarulko Aremil-6@ malzue Maea chAMEAE TLALET en Inum Muunotie LELATLEA untatun [droride Lantercon oc Porn eafon Kreterfl = Tcm ua nd Chleiue 7 htlen AHIULATULIN Alururinum Hydfo d a Mum TuA0t p4 Oily slmee (kuna Derokloe Wler Anen um ""0o",Fake
Screenshot 2025-09-17 181100.png,1 # 5 24 44 # NN 04 8,Fake
Screenshot 2025-09-17 181154.png,"Medicole, Jeo borterenn Advance JoFcEt [buprofer Medicol"" Advance F0 my SonGtLeaprae Ibuprofen Nsdcol Advance [buprofen Medicol Advance z00 43 JOFTOEL CadsLl[ {hurrofen Kedico  Advance #OLL CLSuLE Ibuprofen Medicol Advance 200 mg BO41JEL €APSLLE [uprofen] Jedicol Advante {Oi GEL € Dsule [buprofen] Medicol Advance Z0o Iq JOFTOEL C NesuLE lbuprofert Ibuproton] Advange {Ibuprofen Medicolt Cirz",Fake
Screenshot 2025-09-17 181208.png,3 0 0 0 6,Fake
Screenshot 2025-09-17 181249.png,0,Fake
Screenshot 2025-09-17 181305.png,"daeenro Nenzi Ph6eeOC Dhs Uaaa? cala UA crdap MdL c a PARACE onc #LCEATEDLarIT Flinej4 FISUTTundeet Eutr urde-u emaa MET? crLon Ui chlct- Veaam Feei Mol paracetamol Walln Fustlited Fillycueteoiablet A""IG W @ U CMLOI= VaR calarat e",Fake
Screenshot 2025-09-17 181320.png,I,Fake
Screenshot 2025-09-17 181403.png,Phly Qinlc Maac- celomp EaaT ealone Rn RCEE H HaGtenealheaEt alliccan e Wnn a nophr n Ha Bidi Wam ELACDaTCD TADADT colted AULEi calohe hal CJt ChLuT,Fake
Screenshot 2025-09-17 181623.png,31 3,Fake
Screenshot 2025-09-17 181642.png,"#vol otd"" onoe Chld 07 Lonaue Duni Feaneer Wr c MAaaa Jricedcl Coecl #ono ITJ",Fake
Screenshot 2025-09-17 181712.png,445 1,Fake
Screenshot 2025-09-17 181729.png,"#ie"" 3829 0a172i83oj0js mi+aR HUANGLIAN SHANGOING PIAN 4it4 Mtama 60r = AErTRnkAR4)",Fake
Screenshot 2025-09-17 181739.png,,Fake
Screenshot 2025-09-17 181806.png,0347161021358 nz Emj Beaa i We 0r#g Im} eutxKKa Eto 02st0r. 84. 4 = rbwd,Fake
Screenshot 2025-09-17 181821.png,OTC 4 < kiBlle t FUYANKANG PIAN 0{9 324t140ys rSnnNa BK261,Fake
Screenshot 2025-09-17 181900.png,amt Mtnidarertarmtaie 0A 2 30471700491} I 4 # # R Hupo Anshen Wan (SRE0i Hhirm 402m Meainkn IoE#nE. 08R. Brtr  #xuitntr rarros.w JNTOTAtOAOrWNOMCTUIKCACOujd,Fake
Screenshot 2025-09-17 181918.png,"OTc Mz (NELt)#cv#: Mtt nTR Ehimbs R, #. 200f1/# { 6 I01 zld",Fake
Screenshot 2025-09-17 181935.png,R $ MeahtEak ATROPINE SULFATE TABLETS In MME( E{5u( J8zs),Fake
Screenshot 2025-09-17 181949.png,Mrtmrarrlrhhrtrm Een54t9991877 [ozitsikeix Aciclovir Gel '2042,Fake
Screenshot 2025-09-17 182524.png,100 Capsules IBUPROFEN PARACETAMOL ALAXAN FR 200 mg 325 mg Capsule Non-steroidal Antt-inflammatory Drug Analgesic Antipyretic 21623400 OcT 2024 @CT 2021 DR Xv37939 ,Fake
Screenshot 2025-09-17 182551.png,"FORMULATION IBUPROFEN Bach capsule contains: PARACETAMOL Ibuproten; 200 mg ALAXAN FR pafacetamol 325 mq doomddolscocio ContRAINDICATIONS Patients with known allergy to Paracetamol; Ibuproten Aspirin orother NSAIDS UNILAB Pattents in whom bronchospasm angioedoma; or nasal polyps are precipitated by Ibuprolen; Aspirin and other NSAID: a Paticnts wlth advanced kidney and liver discases Right beforo or aiter heart surgety Pattents Wtth history ol stroke hcart attack, uncontrolled high blood prossurc on congestive heantfailure tho broduct Out 0l ycoch Ond soht 0i chlldton. Store At Tumperaturts Not OXCIEDINg Jo € 180 7 7 8 80582619 6293504-3-Dwvi4o 17 Kccp",Fake
Screenshot 2025-09-17 182616.png,"IBUPROFEN PARACETAMOL ALAXAN FR ALAXAN? T? Effective for Muscle Pain; Arthritis; Rheumatism; Toothache, Menstrual Crar andOther Body Pain ReSeTaht Foatoua Poitcioi",Fake
Screenshot 2025-09-17 182631.png,Do Not AccePt IF SEAL 100 Capsules  IS_BROKEN IBUPROFEN PARACETAMOL ALAXAN FR 200 mg 325 mg Capsule Noneateto ualanti Finftammatoty Drug  Analgetic-Attortetic ent Kidifarma (adoratorits en odonK el Kot Gimandoi t Dopol Con S Amponedand Datnbuted by UmILan (n Street Mandaluyong Cuty; Hetro Manila . Paalippines etd I,Fake
Screenshot 2025-09-17 182646.png,"WNARNINGS Alteray Alert; Ibuprolen moy n In allerat renstong Mnich eenne IBUPROFEN n 3a (heezing) Shoth Sai od PARACETAMOL ninabuastons I Sweiing Shin roddening ALAXAN""FR Stomach blcedind arning: Uu dt I nomasterotdataruthednttalotnatons Z00 ig /425 mg Captulo  # ae Kanich Iay cante e blcadina Guccmc nnnn Matt aan e aicoholic drana Onerydanash toutdoctot taa ad COLCeuo n Ka Hd Utd nn Patacetamol Odi n Sadn blecdina and t domade t ttntee Oyc atning: Cose oloverdose getemedical holp ot contact Poton contral nt Oi #n Quich medica a cticaltoraduit KetantonGhldten a You donotnonge anyGrgns 0fanmptoms Lona term continuont I e ubh 0i Heott Ottoth Mtm noltake lonaot au unlets duregued tid Do nol uto Muthony tmgd contalning Nsaid 0' nt nlcta directed by Menan o ato Drcunantor broobttgoding doctot betotc Use L patient Informatton Icatlet tor comnlete Intormaton; Aco ipophtil an n attct",Fake
Screenshot 2025-09-17 182721.png,H01021602 4 e6be00408 FU FANG GAN CAO SUAN An ZhU SHE YE 2mix1oz/€ @2@ # W WAt 2 &,Fake
Screenshot 2025-09-17 182741.png,#F:RR H Xin R U # n 9 00{4 Kale Raantr ALLE 36 # k N(e #lzu,Fake
Screenshot 2025-09-17 182752.png,,Fake
Screenshot 2025-09-17 182825.png,LLiALA Tuseran FortE UNILAD ASnlesmon Srngaetula RetenaNated dextrowethorpn Nez PMENyLeropaholaviehci PARAGEIAUOI Wnad TUSERAN 2smoijande DortrouethorphaHEr Rarot (PheNLFOPANOLARIME HcI MUCENOL TUSERANTFORTE UNILAD DsmdidcdintscdeAol ~dextrovethorphnhor L u PhENyLPROPANOLAUNEHOIL PARAGETAVOL TUSERANORTE UNILAD) 79m9/29moljama canouls dextronaihorpham hbt Rato eexylprc ANoLaMmE Kcill LRc1va Tubepin forte UNILAB 1139044875e0 captuk dektrouethgrphanhet Rnlaed phehylpropandlavine Hci EARACELOL UNIAD TuseRANFORTE J9iopU dodidijcco dextrovethorphan her Retonauinld MexyLPropaNoLANNNE Hci PARUCeTANOL Cforte UniA0 Meunzsmd DEXTRONETHORPHANNSE ed PhENyLPRoPANoLaeRel I4 ERAN 028mo[jsed Deroverhorphint I ANOLANINE Hci La Nerorte d 6noITT Frore A TuOCraN  Keaus TusI a F JC L Havol Tucna CC,Fake
Screenshot 2025-09-17 182845.png,""" "" 88",Fake
Screenshot 2025-09-17 182902.png,"Tuatan torti U ""4 La  a E' MUCC N 1 Una A#Ea Ia CC Fno Le JUOLOA He TMl CenotT Manlouna TubcRAN TOrtt LeS LCiX MesneaeM S",Fake
Screenshot 2025-09-17 182916.png,,Fake
Screenshot 2025-09-17 182939.png,2046 9; #u # % l # Cefradine Capsules 243 074 Eateddegntrrr Ca4rO ! AEAaAd4a48s AAlmaeamaat Ie= 4aaeeaedae QAMATA4B=A,Fake
Screenshot 2025-09-17 182951.png,"Je4"" Adearadbrrratacerrantariam OTo [ci ttn 3Uk San huang Pian VAl #earadda 04 anea F00 <l aa 126 *243 JIcRIIRBDREQ",Fake
Screenshot 2025-09-17 183005.png,20 0447ne0 4 1 Atnivadrsr  Cont4o,Fake
Screenshot 2025-09-17 183015.png,88 IBiIB DOHTHDG e4#t utklt Ouuujuctl 33 61*6 4a*rg,Fake
Screenshot 2025-09-17 183039.png,Rohto I5ex OTC 3s+e28bx EEAFISYMTJLI Msratiniesstiett Giax#{+Agirma Jl# EA,Fake
Screenshot 2025-09-17 183148.png,33 1 3 pu 1 1 8 8 1 1,Fake
Screenshot 2025-09-17 183214.png,"100 TABLETS Phenylpropanolamine HCI Chlorphenamine Maleate Paracetamol Decolgen""Forte 25 mg / 2 mg 500 mg Tablet NASAL DECONGESTANT ANTIHISTAMINE ANALGESIC-ANTIPYRETIC",Fake
Screenshot 2025-09-17 183232.png,"100 TABLETS Phenylpropanolamine HCI Chlorphenamine Maleate 8 Paracetamol 6 7 8 Decolgen Forte h 25 mg 2 mg 500 mg Tablet Manulaclured by PT Medilarma Laboratones JI: Raya Jakarta Bogor Km. 33 Kel. Curug; Kec . Cimanggis NASAL DECONGESTANT Kota Depok; Jawa Barat; Indonesia ANTIHISTAMINE Imported and Distributed by UNILAB; Inc. ANALGESIC-ANTIPYRETIC No.66 United Street; Mandaluyong Metro Manila, Philippines Cly",Fake
Screenshot 2025-09-17 183249.png,LOCAn,Fake
Screenshot 2025-09-17 183304.png,FoAMULATON Exh urlet contant Prtybordanot Chonaninn Mucale Pucuana Sm Rocanons Foenrdoord 07nydmsoo OyodartGre Meetng Raden boqt Eched edtad @ddantaconmcd aapemnea enet camamoenco aho -dOrmtinonm Ioate DOSAGE AND AduinstRATOH Auaudentaren I reaneidou4 Orlt Eaeut Dn 6aronDUda p 1807 78 84556738 Fo uaperdeera tr9tcttn mdcaletntanerdeerendtcrurba F04d CreCDounlo#( 6171888 iO0& Don batyunbcnn B rconng Reg: IPOPHIL Uutat crcd iolcaniedpoto monomonuttdteror 279 nue,Fake
Screenshot 2025-09-17 183339.png,"OTC FISHING PILL w Bolladonna Croosoto For symptomatic relief 0f gastric pain ,  flatulence pyrosis  and diarrlea Unjaania 4id)ai0 , i0 ,& 0 1""ij00 j)0 jV 0 """,Fake
Screenshot 2025-09-17 183358.png,"Krarirhear Kt OTC 0#R1R Keteling Jia0 n a ng 4u, #K, #m, Aro mtemnumr #rrug 20a8 MWumfiumuwnu",Fake
Screenshot 2025-09-17 183420.png,OTC 'Razzr KM Ju W ##t NIN JIOM PEI PAKOA 6 RmzrrerKr^ @ 0 m M #,Fake
Screenshot 2025-09-17 183436.png,OTO $ 0* Jt # % Nongsuowan LIUWEI DIHUANGWAN # % # z2oo21 14e8**a*#erarageras#trrkrb 078 0n4r141022128 # % 0 0 # 6 # # # R 4 0,Fake
Screenshot 2025-09-17 183451.png,##A+#6 # A E4eR 0mx; @iskt +252020124 NIUHUANGJIEDUPIAN 1fei AfdrnramAakaux Hae 4iodo 12R/tEX2tV4 0351-18etn 0951-14itode Fdma u? Aaat F 44e,Fake
Screenshot 2025-09-17 183521.png,=,Fake
Screenshot 2025-09-17 183535.png,SRAGANOL FARAchanol Am Ah rarto GAXI RNELBAEoL ALTR AMDIa Rodc AlOl GJ Ll AAMA Aadi RuJe Cn QTCI Doine 401ve LOOur RoLvz Eracto,Fake
Screenshot 2025-09-17 183651.png,Entlnoas COUGH SYRUP f2 X AHi 2409 52 )]  ((,Fake
Screenshot 2025-09-17 183703.png,Uni-Febrin 120m9 per Sml Analgosie anuipyrolic For roliol oi Fovor und Phin Orange Tavour IZ UNVIRAALNUARMAOTUIKALLAR [ID Syrup,Fake
Screenshot 2025-09-17 183719.png,CHING On TonG GODSRUR Gor CHDREN Notroluab Prporaton CHEREY FLAVOR Weaia,Fake
Screenshot 2025-09-17 183734.png,Quality Pod Tevor rOiaet Gote Oecocto Ohod Qualal Jasan emi Snup GMP 20,Fake
Screenshot 2025-09-17 183746.png,100 TABLETS 2019 NE 4 Kiao Shi Tong Kao Pian] Renlaodenoonsan Dncot,Fake
Screenshot 2025-09-17 183814.png,"a Mretrrtrdaarntrn hHHi: 913 [ozxtsikix Aciclovir Gel ""2021",Fake
Screenshot 2025-09-17 183824.png,R $ MrmtEak ATROPINE SULFATE TABLETS In MME  TW( z8,Fake
Screenshot 2025-09-17 183838.png,"nz (MeEt)""lrr Mtl et2 Exraukrat"" Suaea 200t# { 3 I01 Mzld",Fake
Screenshot 2025-09-17 183849.png,"Fl Haede 8 3 0047170040,i) J %  * # z Hupo Anshen Wan (VRe9i Amci; T0rr  HTOnTE tuu . 0rR: Extr s#rmihtrirbtir0) JTONGtOMOMINaUCIUICACoLid",Fake
Screenshot 2025-09-17 183919.png,TBCROREN BUOBOR BARACETAHOL DRACh HL an e PARNCERAHOL PARUBEORROL]  AEAN TR ALAXANTD CORROREN IRL TaMol PARACETAMOL HAXANO AAantn LQ3 34 Ito n a,Fake
Screenshot 2025-09-17 183931.png,,Fake
Screenshot 2025-09-17 183954.png,n7313 I Eicf_ 5 82 8.8 3 n7019 nTaois 07aoi8 3 OF_U (  - - 3'JFLU BiOFL,Fake
Screenshot 2025-09-17 184040.png,Mnialicie'a ## #irwauaeererytasioumi OTO 4#*Etklz # Vitamin E Soft Capsules Fe 7H33020187 1O0 ERX15hX2i Ve HDhQnalanlbhautol=,Fake
Screenshot 2025-09-17 184051.png,,Fake
Screenshot 2025-09-17 184104.png,"6545413022120 9* 4( $0 # 9f 3 :6t Cnnar Injr '0,2 JOmhig",Fake
Screenshot 2025-09-17 184149.png,Wazogn 1,Fake
Screenshot 2025-09-17 184219.png,"Tni CMECFU chle Oniltil 1 co Hmj pirichun LAc Faaid An 7o72 Tueuec TMeNiLLPHRIIDO CHLOSPHENTC Dauo CaLOcAEiiZ Ln HAGLe Nra Korin Ho Ga7= IN* PhenilehriM{ htanilro IcklonshaT anam Chlorchenal Lallatt trichol PLRCHDLOL Awd Nod OTIC Jocor Onjunar Inan PhemtlphcIaT S Elnentmuntco Chlop PHeccmm MNfaie chlorphena Daln HAC LLO MAAACHAHOI Aotcn Toro Naor Otd col J 405 T4 TpreklepMainet TpHE MFLepAIE chorpH Wam Lmt Chlorotenam"" Mut UAALA BEEL Auc nid Nonis onu Fdat I F ~a Lazoz Mc) T1 402) orig",Fake
Screenshot 2025-09-17 184308.png,08 88,Fake
Screenshot 2025-09-17 184323.png,"k MEhlNamIC acid MlhaMic Acid OardaR"" Daroak C one MlhmaMic AcID JEfEMAMIc Acid Oahoan CaRDAR' ""onae Dmu B MuMNIQAcIo MILNAA(D OARDa GRDAR 'Dma 8mi ondhotenl MunicAclo MMMMIGAcID Gahont Gardan 'Dona le corolee A9tn  aucc R Muic AClD] MuMcACID Oardam Oardat ""nraldr Bomie 2 Aratt"" MHUMigAGID Mutumicado",Fake
Screenshot 2025-09-17 184353.png,,Fake
Screenshot 2025-09-17 184403.png,Waaccu Mtngiian Metctlanot Faactlm Mogitic urotttic Dicblttg Vicsitiee MMIcETaNol] [nucetaho eamactukm Fanic Iol Diogtsic Diogesie Widdtsieo Vidsesico Mlae Maacetano] ERACITANM [ceinm CAACETINo diogesics biogesico dlogesics DIOOESIco Acomatmn cmlan Ue Fl Wut [anacetavoz] RARACITINO Manci Crceiand BIUGESIC6 DiOgesic5 Miogesic5 BIOCESIC Iocp IAn Icdua Knain SoCbIncu WUBec WuL WuIl Wuit ICMOACETMO IEODTGETANO Encuu [EmczuNM diocesice DIDcesige biogesice bidcesic Sumugl Smint Somaiarli Uf,Fake
Screenshot 2025-09-17 184438.png,,Fake
Screenshot 2025-09-17 184449.png,,Fake
Screenshot 2025-09-17 184523.png,1 1 1,Fake
Screenshot 2025-09-17 184536.png,BUPROFEN JBUPROTDX PARACETAMO / FARACETAMOL ALAXANOFR A RArTR 18391125 HAR 2824 1e99112s19R2824 Ue IBUPROFEV JBUPROFEN PARACETAMOL PARACETAMOL HLAXANOTR ALAXANPTR aan Cocs SoCjc 18391123 KaR 2024 J89912S0AR 2824 Eta M JBUPROFEN BUPROFEN PARACETAMOL PARACETAMOL ALAXANOFR ALAXANAFR Ga 3e-us ejon 18391123 FaR 2024 18391123iiR 2824 Ien Dat IBUPROFEN IBUPROFEN PARACETAMOL PARACETAMOL ALAXANO FR ALAXANPTR CCcSCckI Wa# = n Icrtu 18391123 MAR 2024 [8091123 TAR 2324 Lt Ue BUPROFEN IBUPROFEN PARACETAMOL PARACETAMOL ALAXANOTR ALAXANOTR m G eo Oom Gt 18891123 IAR 2324 18091123 KAR 2824,Fake
Screenshot 2025-09-17 184607.png,6O V #urp#TRZ Raccal J0r,Fake
Screenshot 2025-09-17 184622.png,Euan I#RBA keteling jiaonang Me #K ?6.{R. DOIA r6D Wnmrgara4,Fake
Screenshot 2025-09-17 184635.png,"0047 070094116 ER # 3 % 6k Cefixime Tablets (DeCI fWbmtmamrnesemikalasring (""2r4#) 100mg . 6 6 MsvaaitMre Ir:w",Fake
Screenshot 2025-09-17 184649.png,Ebtr 03 %5 pzutite Amoxicillin CAPSULES d3g55 Mij 0.5gx20m,Fake
Screenshot 2025-09-17 184702.png,JIAGAN 0.50 Kma xl Azithromycin Tablets aod Cdd Or,Fake
Screenshot 2025-09-17 184728.png,NEOZEF 1,Fake
Screenshot 2025-09-17 184740.png,"Md Hd corEI] [HEHE Maltate Neoreerorto NeeSetorto U dccon om Coata 725076022 Alg 2025 25076022 aug 2025 PHENYLEPHRINE AcI PHENMLEPHRINE HcI CHLORPHE RARECETI Haleate CHLORARELCETAREO Maleate amol TAMOL Ncozep Forte NeozepeForto 7omoizeg CcomaTAALLT 7oroironecomo TaaleT  A 4 (L4) 25076022 All - - UUILAO UuLtto PHENVLEPHRINE #e PHENVLEPHRINE HCI CHLORARECETE MaleATe chlorphENAMIN Maleate ICeTAMOL PARACE TaMOL Ncoep Forio Ncozepeforto TdAd Fedt HofatanatonaTABLET 3 3 CHLORPHERERHRNE M HcI RAREICE MNIOLALEATE [chloraneeinng Tamolaleate | Ncoepeforto Neozep Forte TOfdeiecaeaTl Joraied KofaalET 1 So -7na #' ^ "" H HERHANE Ma Ha Lchlanee WANfoLaleate  Eaannd Daltatt Neorp Torto Neougetrorio 7070inrourcofatanlet 70moidr 07080mg H  ",Fake
Screenshot 2025-09-17 184809.png,ct Mel 1 Hduted #ud Antc Ilc Ac Jtn Uc mcnc cduea Diocisie Diogis,Fake
Screenshot 2025-09-17 184818.png,,Fake
Screenshot 2025-09-17 184830.png,,Fake
Screenshot 2025-09-17 184843.png,E,Fake
Screenshot 2025-09-17 184936.png,T6mnr,Fake
Screenshot 2025-09-17 184945.png,Huttraii},Fake
Screenshot 2025-09-17 184957.png,EutGR HelLNS dit Iinna,Fake
Screenshot 2025-09-17 185007.png,BCE [*,Fake
Screenshot 2025-09-17 185018.png,#RuHHE,Fake
Screenshot 2025-09-17 185753.png,"388"" Gararz Eli-itrieslege bera Sight WD Eye",Fake
Screenshot 2025-09-17 190839.png,"{E4"" R8ba11 BETebatEd, K#baXa-R- (2 HWjiee",Fake
Screenshot 2025-09-17 190900.png,Id Drituit #n872515ap2R Fi __JUZZEZOZZE 01[021 #,Fake
Screenshot 2025-09-17 190918.png,44 HanH #METMNER 017.W3a,Fake
Screenshot 2025-09-17 190932.png,,Fake
Screenshot 2025-09-17 190943.png,,Fake
Screenshot 2025-09-17 190956.png,,Fake
Screenshot 2025-09-17 191148.png,,Fake
Screenshot 2025-09-17 191200.png,"UMLEInc UNILAB Inc UHIABIna DcLMO] [uRAcELol] CARACETAMO] @ARACETAMOD] DIOGESIC BIOGESIC $ BIOGESIC BIOGESICO 600 Mo TabLE 600 Mg TABLET 500 mg TaBLET 500 Mo TaBLET 13.3278 H4A24 501ii8 HW2N 30053278 Nu 3124 3555528 NV *024 UNILAB Inc UNLAB Inc UNILAB_ UNILAB Inc: PARACEVAMOD CORACETAMO] [PARACETAMOD PARACETEMO]] BIOGESIC BIOGESIC BIOGESIC O BIOGESIC 0 S00 Md Taalet 500 Mg TaBLET S00 mg TaBLET 500 Mg TaBLET 70035218 Kou0a 715327 NX 311 2015278 X} 244 2i278 kwv 2024 UNILAB Inc UNIAB Inc UNILAB Inc UMILAB Inc PARACETAMOD PARACETAMOD IPARACETAMOL [ARACETAMOL BIOGESIC @ BIOGESIC@ BIOGESIC@ BIOGESIC@ 500 Mg TaBLET 500 mg TABLET S00 Mg TaBLET S00Mq TABLET ""[463778 HW 2024 Lenalh 203327} %; 31 3v8 NV 2024 ONILAB Inc UNMAB Inc UNILAB Inc UNILAB Inc. PARACETAMO] CPARACETAMO] PARACETANM@Z PPARACETAMOD BIOGESIC S BIOGESICO BIOGESiC ? BIOGESIC@ S00 Ma TaBLET 500 Mg TaBLET S00 mo TaBLET S00 0 TaBLET Reeiennr 2233272 Mi 2124 Unn 20050278 |V 2024 UNILAB Inc. UNILAB Inc UNIAB In UNILAB nc PARACETAMOD [PARACETAMOL DARACETAMOL PARACETAMOL] POGESIG BIOGESIC BIOGESIC BIOGESICO Souding Tablet S00 Ma TABLET S00 mo TaBLET 500 Mg TaBLET {C65cr8 'Ss1 ""02"" 70050278 KQ 7074 2528Ba mva KV 2024 In",Fake
Screenshot 2025-09-17 191223.png,: ] 1,Fake
Screenshot 2025-09-17 191251.png,3 { 1,Fake
Screenshot 2025-09-17 191308.png,"Wn UNB JOUPROFEN Jatproreh PARACETAMOL PARACETAMOL ALAXANO FR ALAXANO FR 200m0/928m9cnsui 200nna [ 325i0caesue 21623400OCT 2024  21623400OCT 2024 UniLj Mii IBUPROFEN IBUPROREN PARACETAMOL PARACETAMOL ALAXANO FR ALAXANOFR Znljijoccece 2ocan9 ( 725io capsule 21622400OCT 2024 21623400OCT 2024  UNEAD LAN; IBUPROFEN IBUPROFEN PARACETAMOL PARACETAMOL AGAXANOTR ALAXANO FR 201 m0/ 75 ma CAPSULE 2o0md / 325 Fro chorle 21623400OCT 2024 21622400OCT 2024  UNILAB: U IBUPROFEN IBUPROFEN PARACETAMOL PARACETAMOL ALAXANO FR ALAXANO FR 200 ma / 326M9 CAPSULE 200 ma / 326m0 Caesule 21623400OCT 2024 21623400OCT 2024 UNCAB UNLAB IBUPROFEN BUPROFEN PARACETAMOL PARACETAMOL ALAXAN"" TR ALAXANOFR 2o010 /326m9CAPSuE 200 ma/ 328io  21623400 OCT 2024 21623400OCT 2024 Fea Crt",Fake
Screenshot 2025-09-17 191346.png,MMMdAuAt Wdnu 00474J4022474 batobrs W_t& S U LF U R 0iNtmen] Man 40.2.0aner: ^ia na Jn!e. #TtTIWKA0RZD Dor ciunca F @ 105d,Fake
Screenshot 2025-09-17 191358.png,"@ Ftr 1wTJE71 Naolibao Wan Ld 100, Liro Nwticcgm Ge",Fake
Screenshot 2025-09-17 191737.png,,Fake
Screenshot 2025-09-17 191750.png,4#mreirmKRnr Takata Euatmxon OTC Ea El Jei xnuilx# LONGZEXIONGLANJAONANG Die8: Arun Lare. MTRmEA #Ra3irOe8#k. 3028. Bu E Laz Iwae J2a,Fake
Screenshot 2025-09-17 191818.png,OTC [06r81 R647h38022138 Lhamhaam_ FUFANG ANFFNNAMIN KFU Irmmbraiamar*a,Fake
Screenshot 2025-09-17 191833.png,4I IOq/* ala WMlnator E#E6 Jin qian cao Ke Mi 3(Di EaILaedlo(Mmimmxae @JHJ ucn,Fake
Screenshot 2025-09-17 191903.png,Loperamidd Antionutt 0iatabs@ ( 1m9 Capsule AntivOnUTY Loperamide Diatabso LCapsule Lepilmidd piutabsG 173 CAPSULE NTIVOTIUTY peramide ciotabs@ vonutY Tamtde CsU{ Moee,Fake
Screenshot 2025-09-17 191920.png,46 32 09 32,Fake
Screenshot 2025-09-17 191940.png,Osteoform Compound Bone Nutrtion Foranda Watnitacaane ind Vl,Fake
Screenshot 2025-09-17 191959.png,1ma Oic #RRFI RM Oeriiono petathtMI 4* 0cico (,Fake
Screenshot 2025-09-17 192042.png,E,Fake
Screenshot 2025-09-17 192053.png,"O Q 2 0 0 40 4 (MeferaMIcl AC Cerelav Ponstate Ronste TAN"" Acl aclol Lre (EfeNAmic (MEFELLMIC Rorstat PoNstake Ar ACIDL Aclol A Gerenamic Gerenmic Ponstare Ponstate Eciol A Eclol Ac (MereNarIc (erexa Seh"" RPonste poNSTF Acidl QEMCLCiD) L GAc",Fake
Screenshot 2025-09-17 192129.png,,Fake
Screenshot 2025-09-17 192142.png,"IE CRcIuNo Gcno GITUD [Onnctum diogesic oiobesm LOGeSIc Diogesic o Wn B L thila ML Lhla Ducmad] @icrcod [ncoo] IErcEMM Doiogesic"" diogesic""' diogesico Miogesigo Knnd Tanh Hmenn Luk Inud IIB [ecouo Ccnod [Mcuw Ieuncoum Diogesico DIOOesic? Dioglsigo Diogesico IKLE Aot euti cdnqIannt Etd m Ennt Uu ULd Un @acomo CURAcLuNoD Cannclom McMuw BIDGESICO DIOGESIC Diogesic@ Mingesic Rnmanlt lL VEULI oemut Juu UuE GuI UUIE LuRcIMI GarcLTaMol MADAcEMVo] nacnro] DIOgesIcO DlogesiC diogesic dingesigo Kid Tale cm Tn nat Tal",Fake
Screenshot 2025-09-17 192244.png,"19nty Au6 7025 2255c054 Aug 2619 11444454 Aug Itts 70""4yaugiens aseaug Ers 1sek4s AUG 2025 71309aug 706 D**aug 025 7555aug 70225 1shaa5 AuG 2025 2545Aug 1025 DrnsAug Ii25 25nyAvg#6 Dus Aug 1928 125054 Aug 125 T55AUg 2025 uang as MaAlg Ius DYumang 2025 DsumAuG 142s",Fake
Screenshot 2025-09-17 192306.png,,Fake
Screenshot 2025-09-17 192318.png,"HAn clc 2 - (  F' - @te_ Maleaic Chlot Kat Chbt Maleala ee ParJcd Parjcotamci ne Pncumo DeceleeneFette Deceleen e pecelgeni Herte Decelecn Fotle n S0m 18099izndi 0ed Jfne* 20218406 AuG 2024  20210046 AUG 2024  20210446 AUG 2024  20218006 Aug 2024 FLAD Touncuanne FO ""cannoumnt HoI [Phenp eronlnclano HQ Ocaonoa 07ot' Maleata calon Haleale Chcrp 6c F-a Fe= Cacd Phcumc ea Puakcumci Documoi Detol9en erte Dacolgen Foate Decelgen Fofte Deceleen a F Fa 1 # 20216045 AuG 2024 20210646 AUG 2024  20216063 Aug 2024  20210045 AUG 2024 ti A F Sendn ctcFJa [ Tcolno} rceunouan: FCI Preny PrccneclmcaHo Coc CFlon Maleale Chiotd= Malea"" $ chloth Malate Paractucd FJcad Pariceumoi Paricchmol Deceleen Fotio Decolg?n  Forie Detoigtn Fofic Decelgen""Forte 400i) 20 t 'Jm9 0cF Fe 1 F 1 30m 20219006 AuG 2024 20210045 AuG 2024  20210005 AUG 2024 20210005 AuG 2024 FatAM F€44` = t 0 +le4 0- aaa Tcoxccumns  Chld Mkale CFlod Malesie 4 F I # [ Maaala Chkan ificrenc 1 Kund Dcumoi Decelesn Foale Deceleen Foric Deceleen Ferte DeceldeneFerte n@ F/*00 = com Jmg 'Jfd 1 20215066 AuG 2024 10210046 AuG 2024 Zo21ec0 Aug 2024 2021e4c6 Aug 2024 pice  ancrci et =-AJ7T Mere proprrchmg eate chlot Maleare Ch uMan Purcqumc 1 umc 2*(unS Decelgen Fate DeceleeneFeite Deceleen Fete DecelgeneFete 709(7 09 /*00 7m9 17i""0e 1809 79/50mg 3a9 20218046 Aug 2024 20218043 AuG 2024 20210046 AuG 2024 20215006 Aug 2024 7 4 Pn 3e0= E Chiot",Fake
Screenshot 2025-09-17 192328.png,,Fake
Screenshot 2025-09-17 192426.png,Culn Elie Tedi,Fake
Screenshot 2025-09-17 192445.png,AdM,Fake
Screenshot 2025-09-17 192504.png,,Fake
Screenshot 2025-09-17 192515.png,uI,Fake
Screenshot 2025-09-17 192525.png,#pimIJ,Fake
Screenshot 2025-09-17 192555.png,Euedluze DunaE La Hob4mmam Itke Eee Kt50 FUFAI 35 Su Kon-$ ~D/Mrua FirE,Fake
Screenshot 2025-09-17 192605.png,6350 MJy2022 Fano12022 Rin2022 6350 1i 2022,Fake
Screenshot 2025-09-17 192628.png,38,Fake
Screenshot 2025-09-17 192641.png,g3,Fake
Screenshot 2025-09-17 192708.png,(61741 44470cijie 1 # XR IEHP Wi kz aenadadae (Ihleeer) Kawine Ketn EGE#iMR @Mtar. Bunn: ratrae ratrratradractod ocrabOdr,Fake
Screenshot 2025-09-17 192722.png,BVS IEA Jire471402348 Luetea FUYANKANGPIAN,Fake
Screenshot 2025-09-17 192735.png,mz [MeLalan 21' AT #adn #u BOR/A 1 Thh Imzxd,Fake
Screenshot 2025-09-17 192750.png,"Mnarng Su"" IKEI cotcn 2 ASTceou #mam A:Wn ""Fen Ennalelu  Fat B3 E",Fake
Screenshot 2025-09-17 192842.png,214#@ %4je#h21 Vuamirt Wita Kinerale Tablele(3u) 21a4 SUPER-VITA D4004 60#,Fake
Screenshot 2025-09-17 192859.png,IpBF R HU GAn P | AM 100 / @Murmi@ammltn,Fake
Screenshot 2025-09-17 192938.png,"mz Oldttimujn 03e%* Juanbi Kangsheng Wan Iaeel 443 =eteterra ] Jin3% X M Nnzxd UL',",Fake
Screenshot 2025-09-17 192948.png,08 B@e#R Roxithromycin Tablets 6Juu 66/810/2 6u9 2232 142 5 5 36 /412#6t2*] '@,Fake
Screenshot 2025-09-17 193010.png,015 OTO ehomek Fufang Yuxingcao   Pien (Direa) Jaiabro. Maserirmb Ba80 87# 00r6 WR Ka B0#R An Bueentslrr 1OOR/A DoreIcdormcamEA,Fake
Screenshot 2025-09-17 193220.png,"Q [0x8] Ms  H36022257 Qira,ua @Ewiek Fen an ka min pian 24#X5#5 {IWMItlr#awA",Fake
Screenshot 2025-09-17 193233.png,ULLRBI 45ty21097015J #-1 % 5*275i 9 uyiwei giaonang 24ul2 0!2-*404&GR ' &,Fake
Screenshot 2025-09-17 193246.png,"015"" ehebek Yuxingcao   Pian (MeE#) Hmgd. Wtsedimb 8ja*0 87m 4nres WR 3r Anmx 9n Bu#RnEsuar. 1OORIR Dareirdamamca Fufang",Fake
Screenshot 2025-09-17 193345.png,Gir #@R#TVk# ane#awasmarmotr @Manitilsini @imneitn Veti Monid,Fake
Screenshot 2025-09-17 193356.png,,Fake
Screenshot 2025-09-17 193406.png,IbIr #zmt1 Xinqin Keli Tmni Ra ELREA yosemade 205*84,Fake
Screenshot 2025-09-17 193416.png,Kanm #smm Xinqin Kell 202 Yosemade,Fake
Screenshot 2025-09-17 193433.png,W! 31 3 3 TFd O,Fake
Screenshot 2025-09-17 193443.png,"MELENAMIG ACID UMEFENAMIG ACID GARDAN GARDAN"" 500 ng Tablet FOO} mg Tablet avcnn"" unoll avonli R R MEFENAMIG AcID [MEHNAMIG AcID GARDAN GARDAN 500 mg Tabet 500 mg Tablet ayeni zonoli avenlis R B MEFENAMIC ACID MEFENAMIG ACID GARDAN GARDANR 500 mg Tablet 500 mg Tablet ranoli avcni avenlio R R MEHLAMIG AcID MHNING AclD GARDAN GARDAN? 500 mg Tablet 500 mg Tablet Lonoll avonti conollaventi R k MEHENAMIG ACID MEFEAMIG AcID GARDAN GARDAN 500 mg Tablet 500 mg Tablet tonoll avenila sanoll aventie R R MEFENAMIG ACID  Cefenmig AcID GARDAN"" GARDAN 500 ng Table 500 my Tablet rol atodd anafl",Fake
Screenshot 2025-09-17 193507.png,UNILAB PARACEAMOL BIOGESIC @ 500 Mg TABLET 43586821 SEP 2k ; UNILAB Inc: PARACEAMOD] BIOGESIC @ 500 mg TaBLET 562`2J<8 ?p? 2314 Unc:,Fake
Screenshot 2025-09-17 193532.png,2461 b 38#6 DTomtonib ACICLOVIR Tablets 60: 0 1 0inr54bou 0 8ec IIRAL (0.40,Fake
Screenshot 2025-09-17 193545.png,#Caietia 5511 5 5 caps 3 #z 5 * Fz # ciaclor caiuln Iar) +484 Iat &a4rta eeeE= Ru AC -05d 0ao [641 988. 44 0.25g Cent T-ethadsjz- ue-ravaceutical aeoeamoancd Lad,Fake
Screenshot 2025-09-17 193556.png,"5f6 X{,81586 Cefpodoxime proxetil  Tablets 3ead8r Werpaxaakeiil 4ead 'GxgRxie  Dattiuro",Fake
Screenshot 2025-09-17 193608.png,Ceivitron FDA ( € PINKI WHITE Ferrthrh 3##E6i 20152680119 NET WT 30g 15g,Fake
Screenshot 2025-09-17 193643.png,d'Nph Tecophorol Vitaunie y Myra € Jod IU Cepaula  Jot Frout (rotection d= Alpiaa Tocopherol Vitamin € ) Myra e 4o0 IU Capsula ampet-Tonitan anrou Frotectn d-Alpha Tocopharol Vitamin € Myn e Sel 3n d-Alpha Tocopherol Vitamin €,Fake
Screenshot 2025-09-17 193654.png,Vinn,Fake
Screenshot 2025-09-17 193719.png,2 2 Farex 8 2 Xere 3 025 0 8 2 -e78x 0 Fenek,Fake
Screenshot 2025-09-17 193729.png,"Naproxen] [Naprox Flanax Forte R Flanax 550 mg Tablet 550 mg Table Naproxen] sodlum Naproxen Sodlum Flanax Forte Flanax 550 mg Tablet 550 mg Tablot en Naproxen Sodtun Naprox Fone Flarax Fonte Flanax 550 mg Tablet  550 mg Table Naproxen sodlum Naproxen Sodium Flanax rorte Flanax""Forte R 550 mg Tablet 550 mg Tablet en Naproxen Jadlmi Naproxe Sodu Fone Flanax"" Forte Flanax 550 mg Tablet 550 mg Tablet EAao Forto",Fake
Screenshot 2025-09-17 193759.png,"500 Tablots PHENYLEPHRINE HCI CHLORPHENAMINE MALEATE PARACETAMOL Neozep"" Forte 10 mg 2 mg 500 mg Tablot Nasal Decongestant Antihistamine Analgesic-Antipyretic",Fake
Screenshot 2025-09-17 193813.png,"500 Tablets PHENYLEPHRINE HcI CHLORPHENAMINE MALEATE] PARACETAMOL Neozep"" Forte 710 mg 2 mg 500 mg Tablet Nasal Decongestant Antihistamine sloen Analgesic-Antipvretic  025 rlugg  2021 L; Xy41125",Fake
Screenshot 2025-09-17 193823.png,PHENYLEPHRINE HCI CHLORPHENAMINE MALEATE PARACETAMOL Neozep Forte cucdca D FormulatiON Each tabiet containa; Phonylephrine HCI Jom9 Chlorphenanne Maleale Paracetamol Soom9 contraindicaTIONS ARergy any ingredient tha product Patonts iho havo hioh blood prossure 0f sovcro hoan dreata unloss facommendod by Gee Hfnin Hyet d ecasd untaes focommandcd ea Kno aro Dtegnant broastfeeding Trusied Quality Hcalthcant Henn Datanis Adnnte Patnn hd,Fake
Screenshot 2025-09-17 193846.png,"PHENYLEPHRINE HcI CHLORPHENAMINE MALEATE] PARACETAMOL Neozep"" Forte Tad Taaad aaninos Lnvat Warning: Ths Mroduci contiina Paratetatal Satere Diet datada may Occut Sd otd [Aanid Pondeclamo 7anouti Anch dannenannia Keh othet madietha nnnEnnene COC M TTteenn ALLaGA OOiu Eanor tf#ntn nnn a] EtRetpien n AfErentntinan] S"" WCGA n e[ittat[ta #A 6eadeGi 3n[ Heinan a Sen =a GeadoL# l Tna letetate Anotd Afaena Fauten c4 Fnn c CCasCentt #Donoliata ioto Ihan (na 1nr Ovatdoie Wataino: Ba neAina Da] fdaalral fnt Fateoa Cant 2nnFa Fnc atant 3[n Ul @ I# L C U t+ Ut Ccudid OJ. Add Bcrt ATCMEEHAIUAA Norticccoint At IOCCU G e n",Fake
Screenshot 2025-09-17 193855.png,500 Tablets PHENYLEPHRINE HCI CHLORPHENAMINE MALEATE PARACE AMOL Neozep Forte 10 mg 2 mg 500 mg Tablot Masal Decongestant Manuacturedby PTMeoifaRMa LaborATORIES Anuhistaming Bodor Kma33 Cianonis Dopol I 0 # | Analpesic-Antipyretic ateae Datnbutod by Unlod Labortoros Norto Uniod Stocl Mandaluyong Citya Motro Mtant UNILABAIng No6o Unhod Strcol Handaluyond Gilya Motro Wanila Pni 'd Ria,Fake
Screenshot 2025-09-17 193915.png,H Li ~,Fake
Screenshot 2025-09-17 193931.png,"""ud Leperamue] iUm""""* Imodium"" Im apsule 2 mg capsule 2 m Loperamide] Loperamid Imoditim"" Imodium * capsule 2 mg capsule ramide] Loperamide] Lqq Hmme ADEVANR ium Imodium Ima ipsule 2 mg capsule 2 mg Loperamide] Loperamid Imodium"" Imodium"" 2 mg capsule 2 mg capsule ramide] Loperamide] Lor Advark ADEMAAR Ium Imoditm Imc psule 2 mg capsule 2 mg taa mg",Fake
Screenshot 2025-09-17 194007.png,OTC J** 4nie oi 2 3 A 200h% f2*0# # R^ &,Fake
Screenshot 2025-09-17 194021.png,B*#F Mq@s nn [#k#6 Aciclovir Tablets jm : 0.1g B9nJBiuea United Laboratories Tiedadtana Keata uaded laeottenedea,Fake
Screenshot 2025-09-17 194040.png,MR Mrawk Rla #xtewrutra Wrsm FH2O113373 BoJiiBtNsHX ADJ ENE GEL 24h 6u Ouatkax Bonr IIoarbVXrLrgBM Gio Kads OnOo;DuLCLR6,Fake
Screenshot 2025-09-17 194058.png,"5 4hebisr 1n9e BIFUJIANI ttzIW Raekrarigwr JoreFrhiy #erademad 4u Ere Fa uentueedn ISml eueauatSo0 9isa Ioius  idenbhehav 78 "" B&€0 mQ&ax ^ 4",Fake
Screenshot 2025-09-17 194110.png,4647 43i020691 @a {atazzikhtm CEFOPERAZONE SODIUM FOR INJECTION RC tN0 Szit ESEooyswaraa 4134w Hnn } 021-58552482 201a0 1.0g,Fake
Screenshot 2025-09-17 194130.png,Hro Dualmaaa FrLa lodhncun Wan Kiatkont 2ir Ntl5d Dekuatn HAILnLET 39 Ane Ha Aol MLul Ldor EUon Uelt e Fana 9884 Ued QDr,Fake
Screenshot 2025-09-17 194141.png,6616350 Mi2022 Dano7i2022 06le350 NoVE 2022 E1e350 Hou_2022,Fake
Screenshot 2025-09-17 194224.png,STADA ma ParacetamoFS] TCpAcnunty 60 comprnnadod S,Fake
Screenshot 2025-09-17 194256.png,"Mi3Isml #@#A#319}7 Lineomycin Hydrochloride Injection 06474j702122] 2m1.0.60*10464 @ilmo) nisilhMa-M0.6-|.28 (-4 aaS (UAE a Mua Juo(1 Madii +0x 00.e (2#40u-jukudat AI-Mu+ Mnkaio Z0a Dmodmaimuo ouiattytimidng Umhf#TMtWtNbitm. ""Fants filees -Ik (imki) MRAn",Fake
Screenshot 2025-09-17 194307.png,"Vy Mi # I 4 "" "" "" 03x7151020113 K # #ani (0io: *02 04 W IE { M % 6 R 4 4 0Ia 725102011J 41 M #",Fake
